"","Clostridium_sp_BNL1100","Lactobacillus_amylovorus_JBD401","Mycobacterium_abscessus","Spirioplasma_monobiae"
"TTT",20899,28975,30850,36267
"TGT",5210,16958,18337,22209
"TCT",7577,19962,24365,28460
"TAT",19016,44030,47637,60645
"TTG",10850,28975,30850,36267
"TGG",6394,16958,18337,22209
"TCG",2701,19962,24365,28460
"TAG",611,44030,47637,60645
"TTC",8156,28975,30850,36267
"TGC",3424,16958,18337,22209
"TCC",6026,19962,24365,28460
"TAC",9302,44030,47637,60645
"TTA",13395,28975,30850,36267
"TGA",638,16958,18337,22209
"TCA",12812,19962,24365,28460
"TAA",1534,44030,47637,60645
"GTT",18917,28975,30850,36267
"GGT",14772,16958,18337,22209
"GCT",12882,19962,24365,28460
"GAT",25853,44030,47637,60645
"GTG",5336,28975,30850,36267
"GGG",5974,16958,18337,22209
"GCG",3757,19962,24365,28460
"GAG",13430,44030,47637,60645
"GTC",3605,28975,30850,36267
"GGC",8048,16958,18337,22209
"GCC",7005,19962,24365,28460
"GAC",12979,44030,47637,60645
"GTA",18596,28975,30850,36267
"GGA",18424,16958,18337,22209
"GCA",19814,19962,24365,28460
"GAA",32641,44030,47637,60645
"CTT",17420,28975,30850,36267
"CGT",3308,16958,18337,22209
"CCT",8869,19962,24365,28460
"CAT",6923,44030,47637,60645
"CTG",10450,28975,30850,36267
"CGG",1331,16958,18337,22209
"CCG",4799,19962,24365,28460
"CAG",11451,44030,47637,60645
"CTC",3573,28975,30850,36267
"CGC",995,16958,18337,22209
"CCC",3617,19962,24365,28460
"CAC",3255,44030,47637,60645
"CTA",4667,28975,30850,36267
"CGA",1405,16958,18337,22209
"CCA",5337,19962,24365,28460
"CAA",9082,44030,47637,60645
"ATT",24130,28975,30850,36267
"AGT",10086,16958,18337,22209
"ACT",11105,19962,24365,28460
"AAT",26158,44030,47637,60645
"ATG",17384,28975,30850,36267
"AGG",6359,16958,18337,22209
"ACG",3379,19962,24365,28460
"AAG",20786,44030,47637,60645
"ATC",7324,28975,30850,36267
"AGC",7708,16958,18337,22209
"ACC",7628,19962,24365,28460
"AAC",13528,44030,47637,60645
"ATA",27243,28975,30850,36267
"AGA",12958,16958,18337,22209
"ACA",16753,19962,24365,28460
"AAA",33203,44030,47637,60645
