"","T","G","C","A"
"T[X]T",39112,9329,15617,34302
"T[X]G",31480,21966,18537,2293
"T[X]C",34120,10001,18287,27616
"T[X]A",30761,4775,26012,4193
"G[X]T",40042,41761,32535,60240
"G[X]G",38251,20331,40473,43513
"G[X]C",30276,44475,53249,49180
"G[X]A",30772,34489,41546,69613
"C[X]T",30068,16741,16862,17278
"C[X]G",49639,17715,28188,32783
"C[X]C",21889,24698,19467,18419
"C[X]A",11151,7995,17069,27626
"A[X]T",50318,19687,25546,47772
"A[X]G",43651,10388,17874,49748
"A[X]C",42923,21596,37460,36017
"A[X]A",36267,22209,28460,60645
